skill_id,skill,w2v_0,w2v_1,w2v_2,w2v_3,w2v_4,w2v_5,w2v_6,w2v_7,w2v_8,w2v_9,w2v_10,w2v_11,w2v_12,w2v_13,w2v_14,w2v_15,w2v_16,w2v_17,w2v_18,w2v_19,w2v_20,w2v_21,w2v_22,w2v_23,w2v_24
0,visual,0.21106000244617465,-0.016248999163508415,-0.4095200002193451,0.2433300018310547,2.0353000164031982,-0.14890000224113464,0.8606799840927124,0.4984599947929382,0.9929100275039672,-0.962029993534088,-0.2398999929428101,0.013004999607801436,-2.0272998809814453,-0.5167800188064575,0.22107000648975367,0.3978999853134155,-0.4090699851512909,1.0456000566482544,0.6361700296401978,0.0763000026345253,-0.932569980621338,-0.488070011138916,-0.9197700023651124,-0.11113999783992767,-0.5808600187301636
1,healthcare,-0.6837900280952454,1.3590999841690063,-1.8428000211715696,-0.6171200275421143,1.1888999938964844,-0.8093500137329102,-0.5472300052642822,-1.3145999908447266,1.32669997215271,0.22603000700473785,-0.3548099994659424,-0.775879979133606,-3.105600118637085,0.3805699944496155,1.3628000020980835,-1.5276000499725342,-0.1597599983215332,0.6612499952316284,1.031499981880188,-0.2214300036430359,0.09828100353479384,-0.9635800123214722,-0.7824699878692627,-0.4908500015735626,-0.3577600121498108
2,verbalcommunicationskills,0.17469303193502128,0.2672933340072632,-0.9989800055821736,0.3586299965778987,1.381986657778422,0.21833999951680505,0.4003256733218829,-0.925713340441386,0.7963533202807108,-0.4268300061424573,-0.4380599980552991,0.3398166696230571,-2.559499979019165,0.2823515242586533,0.9059166510899862,0.7595466673374176,-0.28526630570801603,0.7239166696866354,0.8751733501752218,-0.1410366694132487,-0.4699833492437999,-0.03900801142056783,-0.5570513258377711,-0.17934333781401315,-0.6270733326673508
3,r,0.5552499890327454,0.7133299708366394,-0.4928500056266785,-0.9004200100898743,0.0430850014090538,0.1118300035595894,0.11445999890565872,2.2269001007080083,-0.6961899995803833,0.06441699713468553,-0.3997400104999542,-0.435259997844696,-3.9523000717163086,0.35152000188827515,-1.771299958229065,-0.7719900012016296,-1.4342999458312988,-0.39785000681877136,-0.7223600149154663,0.8647400140762329,-0.18005000054836273,-0.7200499773025513,0.4404799938201904,-0.3640600144863129,0.3804999887943268
4,datawarehouse,-0.14065003395080564,0.5364099889993668,-0.1801489964127541,-0.9468800127506256,1.1160750091075895,-0.3979000002145767,-0.05776900053024293,-0.6466025114059448,1.5258499979972842,0.13018799666315314,0.40974001586437225,-0.35625339159742,-2.6686999797821045,0.334975004196167,0.4115049988031387,-0.18371500074863434,0.3739349991083145,0.5229600071907043,0.14279949758201838,-0.3411400020122528,-0.8536949753761292,-1.1883000135421753,-0.2816384993493557,-0.2481749877333641,-0.3803199827671051
5,sap,0.14806999266147616,1.04639995098114,-1.166800022125244,-0.13955000042915344,0.7630500197410583,0.14530999958515167,-1.289800047874451,-0.42149001359939575,1.2856999635696411,0.10236000269651413,-0.7715100049972534,-0.21378999948501587,-2.309799909591675,0.04448400065302849,0.6176900267601013,-0.6296399831771851,0.8762400150299072,0.5124199986457825,-0.21727000176906586,0.4604400098323822,0.3924599885940552,-0.2618800103664398,-0.6510300040245056,0.1928099989891052,-0.0557439997792244
6,marketing,0.9470900297164916,0.5238500237464905,-1.287500023841858,-0.6901599764823914,2.173500061035156,-0.05551800131797791,-0.020362000912427902,-0.21056999266147614,1.216599941253662,-0.973450005054474,0.08587200194597244,-0.5679399967193604,-3.5550999641418457,-0.2331800013780594,0.8971099853515625,0.007467600051313639,-0.16395999491214752,0.473910003900528,0.4934299886226654,-0.19234000146389008,-0.486189991235733,-1.8794000148773196,-1.492799997329712,-0.5394600033760071,-0.3813999891281128
7,slack,-0.2494499981403351,0.40713998675346375,0.25694000720977783,-0.4096699953079224,0.0422700010240078,0.7534999847412109,-0.20077000558376312,-1.5562000274658203,0.23646000027656555,-0.290800005197525,-1.3125,0.17343999445438385,-1.7867000102996826,-0.3592599928379059,0.5181300044059753,0.3540300130844116,0.2480199933052063,-1.0911999940872192,0.12806999683380127,-0.4761500060558319,-0.3090499937534332,1.0250999927520752,0.4569100141525269,0.44881999492645264,-0.7131199836730957
8,sas,0.5998200178146362,0.21417999267578125,0.0015295000048354268,-0.3383300006389618,-0.284060001373291,0.19564999639987946,-0.7009400129318237,0.4032999873161316,1.1430000066757202,-0.7091000080108643,-0.7864900231361389,-0.12353000044822693,-1.358199954032898,-0.12995000183582306,0.29458001255989075,-0.4826200008392334,-0.30020999908447266,0.4871299862861633,-0.09679199755191804,0.6335700154304504,0.060931999236345284,0.0025708999019116163,-0.1115500032901764,0.13790999352931976,-0.5903000235557556
9,ssis,-0.3273099958896637,0.43292000889778137,-0.7483900189399719,-0.9259999990463256,0.7561100125312805,-0.9238299727439879,-1.011199951171875,-1.563599944114685,1.9967999458312988,0.19990000128746035,0.013198000378906729,-0.2280399948358536,0.17228999733924866,-1.3384000062942505,1.1548999547958374,-1.2009999752044678,1.4033000469207764,0.9908599853515624,1.0752999782562256,1.0060000419616701,0.4736300110816956,-0.6975600123405457,0.012451999820768831,0.3177399933338165,-0.15616999566555026
10,riskmanagement,-0.9592900276184082,-0.7912499904632568,-1.9219000339508057,-0.8804299831390381,0.07234799861907959,-1.0397000312805176,-0.13535000383853912,-1.7798000574111938,-0.038635998964309685,-0.6807000041007996,-0.3944700062274933,-0.618399977684021,-0.1253799945116043,-0.8781499862670898,-0.14955000579357147,0.4345000088214874,0.7093600034713745,0.37185999751091,1.205399990081787,0.06102799996733665,0.1956299990415573,-0.7497199773788452,-1.8050999641418457,-0.7638400197029114,0.11537999659776688
11,leadership,-0.037377998232841485,0.4355599880218506,-1.7064000368118286,-0.4437200129032135,1.247599959373474,-0.6506999731063843,0.4308499991893768,-0.7847499847412109,1.270300030708313,-1.343500018119812,-0.5796200037002563,0.4400399923324585,-3.4728000164031982,0.9131399989128112,0.3995800018310547,-0.26535001397132874,-0.8579099774360657,0.6154699921607971,0.5744900107383728,0.0612419992685318,-0.19569000601768494,0.011560999788343906,-1.8367999792099,-0.5070400238037109,-0.7554100155830383
12,communication,0.20468999445438385,0.1565299928188324,-1.5333000421524048,0.3842599987983704,1.4282000064849854,0.12647999823093414,0.7933300137519836,-0.8985700011253357,1.1613999605178833,-0.12110999971628188,-0.7853299975395203,0.13450999557971954,-2.9012999534606934,0.860539972782135,0.7249000072479248,1.166100025177002,-0.29592999815940857,0.9881799817085266,0.8581299781799316,0.19629999995231628,0.12286999821662906,-0.990970015525818,-0.7925300002098083,-0.14444999396800995,-0.998170018196106
13,dataanalysis,0.9525649845600128,0.15224499627947807,-0.7925599813461304,-0.6163599789142609,1.3213499784469604,-0.3233250081539154,0.5203859880566597,-0.6887025237083435,1.6992999911308289,-0.3999249786138535,0.5536099970340729,0.09260499477386476,-2.6917999982833862,0.5207050144672394,0.8192500025033951,-0.640209972858429,-0.2113099992275238,0.7563450038433075,0.10236449632793664,-0.6460050046443939,-0.7071799784898758,-1.123799979686737,-0.437279999256134,0.2290799990296364,-1.3816499710083008
14,scala,-0.9930400252342224,-0.18404999375343326,0.3406200110912323,-0.648639976978302,-0.1754399985074997,-0.988960027694702,-0.8349300026893616,-0.4248400032520294,1.285899996757507,-0.17473000288009646,-0.6085699796676636,-0.4022899866104126,-0.9602699875831604,-0.008536100387573242,-0.08035100251436234,0.5282300114631653,0.16869999468326569,1.270799994468689,0.3609499931335449,0.8643800020217896,-0.4539299905300141,-0.7287600040435791,-0.2224799990653992,-0.8149999976158142,-0.16941000521183014
15,git,-0.18279999494552607,1.4321999549865725,-0.3871099948883057,1.368499994277954,-0.09499800205230713,0.1929599940776825,-1.3300000429153442,-0.09317900240421297,0.28951001167297363,1.6313999891281128,-0.13378000259399414,-0.6211199760437012,-1.9157999753952024,0.05073399841785431,-0.6699399948120117,-1.626099944114685,1.1258000135421753,-0.9736300110816956,-1.4982000589370728,0.0725879967212677,0.6203399896621704,0.8941299915313721,-1.1526999473571775,0.3518100082874298,0.6599100232124329
16,hadoop,-0.2175299972295761,0.3825100064277649,-1.0127999782562256,-0.1005999967455864,0.6210600137710571,-0.7545700073242188,-0.6492800116539001,-1.627900004386902,2.090100049972534,-0.5318700075149536,-0.014050000347197056,0.5874000191688538,-1.159000039100647,-1.3515000343322754,0.2777599990367889,-0.4794900119304657,-0.14268000423908234,0.6669999957084656,1.327399969100952,0.6453999876976013,-0.4907400012016296,-0.4634900093078613,-0.061220999807119376,-1.145699977874756,-0.44806000590324396
17,azure,-0.11159999668598176,0.2437400072813034,-0.282260000705719,-0.30566999316215515,0.2623200118541717,-0.6791200041770935,-0.4101999998092651,-1.1556999683380127,1.6653000116348269,-0.3993400037288666,0.08135999739170073,0.3311299979686737,-1.631100058555603,-0.7025399804115295,0.4660100042819977,-0.41729000210762013,0.6048499941825867,1.14520001411438,1.0967999696731567,0.5777699947357178,-0.6303399801254272,-1.666100025177002,0.2344699949026108,-0.3861899971961975,-0.4129300117492676
18,productmanagement,0.11416850332170725,0.5121899992227554,-1.098200023174286,-0.6032499969005585,1.3808000087738037,-0.352121994830668,0.2552400007843971,-0.7431949973106384,1.1677299737930298,-0.357309989631176,0.5851900056004524,0.28360000997781754,-3.5469000339508057,-0.17126550059765575,0.8034849762916565,0.04033000022172928,0.382455013692379,0.2377384938299656,0.29556500539183617,0.14417600259184835,-0.4798454875126481,-1.2370499968528748,-1.1542500257492063,0.04039999842643738,-0.7307099997997284
19,access,0.512719988822937,1.2134000062942505,-0.7682700157165527,-0.3133299946784973,0.9544600248336792,-1.083400011062622,0.2719700038433075,-0.8773300051689148,0.7895299792289734,0.24076999723911285,0.3720400035381317,-0.030538000166416168,-3.4647998809814453,0.2370100021362305,0.08499699831008911,0.2464600056409836,0.4134899973869324,0.3280400037765503,0.7523800134658813,-0.606689989566803,-0.9406999945640564,-1.7280000448226929,0.07057899981737137,-0.4504300057888031,-0.8101999759674072
20,java,0.4193699955940247,0.6842700242996216,-0.29853999614715576,-0.6236799955368042,0.3102099895477295,-0.02323899976909161,0.054065998643636703,-0.02180200070142746,1.934499979019165,0.0429529994726181,0.237079992890358,-0.03285200148820877,-2.097100019454956,-0.926639974117279,0.8432499766349792,-0.20764000713825226,0.2800100147724152,0.5472199916839601,0.6876400113105774,0.8516499996185303,-1.257099986076355,-1.3874000310897827,-0.8396099805831909,-0.666670024394989,0.7145699858665466
21,python,-0.2564499974250793,-0.2232300043106079,0.025900999084115032,0.2290100008249283,0.4902800023555756,-0.060828998684883125,0.2456299960613251,-0.8485400080680847,1.5881999731063845,-0.727400004863739,0.6060299873352051,0.2520500123500824,-1.806399941444397,-0.9552599787712096,0.44866999983787537,0.01361399982124567,0.6085600256919861,0.654229998588562,0.8250600099563599,0.9945899844169616,-0.29403001070022583,-0.2701300084590912,-0.3479999899864197,-0.7293000221252441,0.22010000050067904
22,qualitativeanalysis,0.21977998316287994,0.3557499907910824,-1.0751749873161316,-0.30200498923659325,0.6910949796438217,0.3848550170660019,0.1948649883270264,-1.6065000295639038,1.8474000096321104,-0.5525869755074382,-0.009065002202987673,0.8989599943161011,-1.0543850511312485,0.4764300137758255,1.2624499797821045,-0.9896049797534944,0.17661000788211825,1.2838599979877472,0.5246649831533432,-0.34310999512672424,-0.5787550061941147,-0.9289299845695496,-0.6268649697303772,0.4225949943065643,-1.0847100019454956
23,spark,-0.17021000385284424,0.7359700202941895,-0.2772899866104126,0.5743299722671509,-0.04701700061559677,-0.2069299966096878,0.4036000072956085,-0.6323500275611877,1.1888999938964844,-0.6428700089454651,-0.27792999148368835,0.4866400063037872,-2.481100082397461,0.2066500037908554,-0.23048999905586245,0.5136600136756897,0.5113300085067749,0.23069000244140625,0.8430600166320801,0.061262000352144234,-0.5335699915885925,-0.10885000228881836,1.0592000484466553,0.0654980018734932,0.2031800001859665
24,presentation,0.2501400113105774,0.477840006351471,0.3929300010204315,-0.9290199875831604,1.2237000465393066,-0.18432000279426572,0.7793599963188171,-0.9317100048065186,0.848770022392273,-0.7543900012969971,-0.52947998046875,0.5705000162124634,-2.573400020599365,0.5054699778556824,1.3330999612808228,0.26743999123573303,0.6130899786949158,-0.22235000133514404,-0.8286499977111816,-0.3987900018692017,-0.9845600128173828,-0.6861699819564819,-1.0276000499725342,0.3099600076675415,-0.6369199752807617
25,databases,0.6848800182342529,0.10347999632358552,-0.2334499955177307,-0.3373700082302093,0.7548999786376953,-1.2086000442504885,-0.7310900092124939,-2.299799919128418,1.055500030517578,0.2528400123119354,-0.24608999490737915,0.04198100045323372,-0.7678800225257874,-0.2998799979686737,-0.16122999787330627,0.119329996407032,0.04312700033187866,0.4595899879932404,1.3875000476837158,0.006450400222092867,-0.3124000132083893,-1.1188000440597534,-0.17878000438213348,-0.26047998666763306,-0.9247599840164183
26,agile,-0.35945001244544983,0.3766199946403504,-1.635800004005432,-0.447629988193512,0.9836999773979188,0.15031999349594116,-0.0644489973783493,-1.2854000329971311,1.3387999534606934,-0.5314199924468994,-0.7033699750900269,0.050668999552726746,-1.627400040626526,-0.3313100039958954,0.6386700272560121,-0.16270999610424042,0.032513998448848724,0.6993499994277954,0.919059991836548,0.3542099893093109,-0.4953300058841705,-0.5895100235939026,-0.7817800045013428,-0.6147500276565552,-0.011734000407159328
27,ssas,0.5820199847221375,0.20056000351905826,-0.19193999469280246,-0.5207300186157227,0.4695599973201752,-0.4218800067901611,-0.4749999940395355,-1.7309999465942385,1.8401999473571775,-0.305759996175766,-0.5889400243759155,-0.3716300129890442,0.4550400078296661,-0.7323700189590454,0.729610025882721,-0.990880012512207,0.69896000623703,1.0424000024795532,0.9607399702072144,1.1194000244140625,0.5488799810409546,-0.5491200089454651,-0.1505099982023239,0.12001000344753265,-0.5006399750709534
28,visio,-0.1128000020980835,0.43896999955177307,-0.4632099866867066,-0.5559999942779541,0.6401699781417847,-0.3374899923801422,-0.9785900115966796,-0.5102199912071228,1.0817999839782717,-0.7532399892807007,0.3164699971675873,-0.7104399800300598,-0.18359999358654025,-0.7823399901390076,1.4943000078201294,0.16774000227451324,1.0607999563217163,0.1610500067472458,0.7757800221443176,0.9625599980354308,-0.1393599957227707,-0.8023499846458435,-0.03819900006055832,-0.23997999727725985,-0.79475998878479
29,c#,0.1316400021314621,0.5375900268554688,-0.9263899922370912,-1.2635999917984009,0.5012400150299072,-1.2152999639511108,-0.7501599788665771,-1.820099949836731,0.3479500114917755,-0.9618800282478333,-0.7213799953460693,0.07564099878072739,0.15973000228405,-0.28220000863075256,0.2814500033855438,-0.08660200238227844,0.018224000930786133,0.5911499857902527,0.6319299936294556,1.5390000343322754,-0.5167800188064575,-0.03830400109291077,-0.7397400140762329,-0.7479000091552734,-0.2590799927711487
30,scrum,-0.18926000595092773,0.7422900199890137,-0.6947699785232544,-0.8454300165176392,0.7092499732971191,0.017913000658154488,-0.4085899889469147,-1.0930000543594358,0.9456499814987184,-1.0016000270843506,-0.02883999980986118,0.06471399962902069,-1.2518999576568604,0.033160001039505005,1.419399976730347,0.06631200015544891,0.5191100239753723,0.3946399986743927,0.8454899787902832,0.6102200150489807,-0.7866899967193604,0.1439100056886673,0.3192799985408783,-0.8176000118255615,0.2811599969863892
31,businessintelligence,-0.1391499936580658,0.04943900182843208,-2.2813000679016118,-0.9378799796104432,1.4944000244140625,-0.9697600007057191,-0.979319989681244,-1.554900050163269,0.6418300271034241,-0.8539500236511229,-1.4301999807357788,-0.11251000314950944,0.0604499988257885,0.19191999733448029,-0.5219299793243408,0.0006446400075219573,1.7670999765396118,0.1327899992465973,1.1075999736785889,0.9308699965476991,0.9163799881935121,-0.040072001516819,-0.6789199709892273,-2.0429000854492188,-0.4959900081157684
32,finance,0.15105000138282776,0.8340799808502197,-1.6154999732971191,-1.0750000476837158,1.0671000480651855,-0.8978899717330933,-0.4766699969768524,-0.8997799754142761,1.7791999578475952,-0.11403000354766844,0.11349999904632567,-0.07049000263214111,-3.017400026321411,0.32541999220848083,1.2741999626159668,-0.9880999922752379,0.14576999843120575,0.357479989528656,-0.29003998637199396,0.1205900013446808,-0.023127000778913498,-1.1607999801635742,-1.194000005722046,-0.5027599930763245,-0.6780999898910522
33,interpersonal,-1.0879000425338743,-0.5337899923324585,-1.329200029373169,0.17934000492095947,1.2735999822616575,0.8011800050735474,0.29583001136779785,-1.3667999505996704,1.6965999603271484,-0.38185000419616705,-1.3279999494552612,0.021323999390006062,-0.981440007686615,1.3020999431610107,0.4633800089359283,1.4519000053405762,-0.034494001418352134,0.7925199866294861,1.7092000246047974,-0.10174000263214113,-0.4140399992465973,0.13312000036239624,-0.2293999940156937,-0.17204999923706055,-1.4574999809265137
34,writing,0.4716199934482575,0.6661400198936462,0.7008100152015686,0.2276799976825714,1.5458999872207642,-0.3602199852466583,1.7913000583648682,-1.4680999517440796,0.23080000281333926,-0.8162299990653992,-0.6846500039100647,0.8137400150299072,-3.426300048828125,-0.4855700135231018,0.7712100148200989,0.178179994225502,0.10701999813318253,0.5884400010108948,-0.6479700207710266,-0.8865600228309631,-0.7052599787712097,-0.5033800005912781,-1.2819000482559204,0.30535998940467834,-0.5433499813079834
35,php,1.1562000513076782,1.0343999862670898,-1.4292999505996704,-0.22762000560760495,0.7133899927139282,-0.5893399715423584,0.4973700046539306,1.5238000154495241,1.9002000093460083,1.5049999952316284,0.2470899969339371,0.6858999729156494,-1.3603999614715576,-0.3522700071334839,0.22732000052928925,0.36921000480651855,0.0416719987988472,-0.11911000311374664,0.8188099861145021,0.175929993391037,-0.5843300223350525,0.15814000368118286,-1.0693999528884888,0.22312000393867493,0.06573899835348129
36,matlab,0.7524300217628479,-1.0332000255584717,-0.7093899846076965,-0.09479299932718276,-0.4150499999523163,-1.4821000099182131,-0.869979977607727,-0.39809998869895935,1.3806999921798706,0.3883500099182129,-0.8999400138854979,-0.27156001329422,-0.9278600215911864,0.6307899951934814,0.1212799996137619,-0.14541999995708466,0.8540300130844116,0.7711799740791321,0.11372999846935272,1.3971999883651731,-0.2362599968910217,0.5918800234794617,0.4044399857521057,0.5766299962997437,-1.4189000129699707
37,analytics,0.5085499882698059,0.4880599975585938,-1.064900040626526,-0.4434800148010254,1.7285000085830688,-0.10525000095367433,-0.5335299968719482,-0.985379993915558,1.8669999837875368,-0.8568300008773804,0.2207999974489212,0.17148999869823456,-2.552299976348877,-0.5714499950408936,0.5610399842262268,-0.03768200054764748,-0.10997000336647034,0.67180997133255,0.916540026664734,0.08917299658060074,-0.0850830003619194,-2.037100076675415,-0.9490900039672852,-0.3646700084209442,-1.2547999620437622
38,research,0.3805400133132935,0.5659899711608887,-0.8150500059127808,-0.5266500115394592,1.3219000101089478,-0.6027100086212158,0.9802200198173524,-1.378100037574768,1.6390999555587769,-0.04345199838280678,0.020539000630378727,-0.0676250010728836,-3.3915998935699463,0.4822599887847901,1.077299952507019,-0.5870400071144104,0.6238600015640259,0.8111600279808044,0.23743000626564026,-0.7105600237846375,-0.2503199875354767,-0.65447998046875,-1.4903000593185425,0.01945099979639053,-0.4478600025177002
39,pyspark,-0.2133300006389618,0.2563700079917908,-0.12569449376314878,0.4016699865460396,0.2216315008699894,-0.13387949764728546,0.3246150016784668,-0.7404450178146362,1.3885499835014343,-0.685135006904602,0.16404999792575836,0.3693450093269348,-2.143750011920929,-0.3743049874901772,0.10909000039100647,0.2636370067484677,0.5599450170993805,0.4424600005149841,0.83406001329422,0.527925992384553,-0.4138000011444092,-0.1894900053739548,0.3556000292301178,-0.3319010101258755,0.21164000034332275
40,perl,-0.04060500115156174,0.1859699934720993,-0.24073000252246854,0.025346999987959862,0.02524599991738796,-0.2530199885368347,-0.2033199965953827,-0.5726299881935121,1.676699995994568,-0.3710800111293793,-0.13685999810695648,0.4316200017929077,-0.6672499775886536,-0.4658100008964538,0.21494999527931213,0.4078899919986725,0.57014000415802,1.002900004386902,1.423799991607666,0.715179979801178,-0.3251599967479706,-0.9648699760437012,-0.922659993171692,0.05048500001430512,-0.15428000688552854
41,tableau,0.5136799812316895,-0.5126699805259705,-1.0535999536514282,0.7951599955558777,0.349590003490448,-0.6623200178146362,-0.711430013179779,-0.7917699813842773,0.996209979057312,-0.7984200119972229,0.4955199956893921,0.1463100016117096,-0.6646400094032288,-0.18860000371932986,1.0544999837875366,0.9778000116348268,0.512690007686615,0.4978600144386292,-1.485700011253357,0.6723200082778931,-0.6152300238609314,-0.29530999064445496,0.20975999534130094,-0.8656499981880188,-0.22668999433517456
42,optimization,-0.057243000715970986,0.51978999376297,-0.7870799899101257,-0.07769100368022919,1.7762000560760498,-0.4670099914073944,-0.3995800018310547,-1.6445000171661377,2.1347000598907466,-0.29660001397132874,0.4924800097942352,0.5895699858665466,-1.7417000532150269,-0.7327200174331665,0.7684100270271301,0.25532999634742737,-0.2835200130939484,-0.08831200003623962,0.5720099806785583,-0.2887299954891205,-0.014770000241696838,-1.52020001411438,-1.1083999872207642,-0.4192300140857697,-0.89274001121521
43,decisionmaking,-0.05475499480962753,0.5633399933576584,-0.4623949974775314,0.18355299532413485,0.3386150002479553,0.14375999569892886,1.2151649892330172,-0.7824549823999405,-0.20529049960896373,-0.8621349930763245,0.04491799883544445,-0.06938000023365021,-4.091499924659728,0.3694799840450287,0.9714399874210358,0.1293799914419651,0.11478350311517715,-0.33088500425219536,0.16569749638438225,-0.9452950060367584,0.10058500617742537,0.3104299977421761,-0.14665550738573074,0.0729684978723526,-0.7973050177097321
44,timemanagement,-0.614549994468689,0.8061900138854979,-2.513200044631958,-0.7586100101470947,1.0221999883651731,-0.38670998811721796,0.17103999853134155,-1.968600034713745,-0.18835000693798065,-0.5878700017929077,-0.6479300260543823,0.7635300159454346,-0.05556600168347359,-0.8447200059890747,1.1145999431610107,-0.019704999402165413,-0.7026100158691406,0.9778500199317932,1.2300000190734863,0.3008599877357483,-1.691100001335144,-1.4500999450683594,-0.011770999990403652,0.0939750000834465,-0.4028800129890442
45,french,0.032345000654459,-0.2300499975681305,-0.23824000358581546,0.21445000171661374,-0.01690299995243549,-0.4038600027561188,1.23580002784729,-1.0787999629974363,0.5572999715805054,-0.3736400008201599,0.4890100061893463,-0.3296799957752228,-3.622499942779541,-0.7805299758911133,0.29899999499320984,-0.4367600083351135,0.8075399994850159,-0.23902000486850736,-0.6758900284767151,0.907729983329773,-0.15814000368118286,0.5248000025749207,-0.743910014629364,-1.037500023841858,0.5275800228118896
46,oracle,0.2959100008010864,0.8001000285148621,-0.7128900289535522,-0.8539500236511229,0.3684099912643433,-1.0489000082015991,-0.7523400187492371,-0.6971099972724915,1.8071999549865725,-0.5619099736213684,-0.02807299979031086,0.3280400037765503,-2.284199953079224,-0.4905300140380859,1.0814000368118286,-1.0009000301361084,0.5534099936485289,1.3454999923706057,0.8951399922370911,0.8001899719238281,-0.16545000672340393,-1.500300049781799,-0.34439000487327576,-0.21738000214099884,-0.5306199789047241
47,vba,0.3293200135231018,0.5610499978065491,-0.6963000297546387,-0.3296099901199341,0.4328700006008148,-0.5146300196647644,-0.19461999833583832,-1.3066999912261963,1.451799988746643,-0.5351200103759766,-0.4702300131320954,0.3449499905109405,-0.10447999835014343,-0.2893100082874298,0.005718499887734652,0.15575000643730166,0.5249099731445312,1.001099944114685,1.191100001335144,1.1349999904632568,-0.20967000722885126,-1.6234999895095823,-0.010712999850511551,-0.2953900098800659,-0.17167000472545624
48,datamanagement,0.683909997344017,0.5144300013780594,-0.743910014629364,-0.6529249846935272,1.2958499789237976,-0.4935799986124039,0.10277099907398224,-0.2852925062179565,1.658899962902069,0.04086499661207199,0.3800700083374977,-0.26288998872041697,-3.295699954032898,0.2177845062687993,0.7716999799013138,0.05799999833106995,-0.19228499382734301,0.6465599983930588,0.04788949806243181,-0.5852590091526508,-0.5252704853191972,-1.2143999934196472,-0.9828150272369384,-0.05828999727964401,-1.049754977226257
49,spss,0.5665199756622314,0.7581499814987183,-0.3077000081539154,-0.3967500030994415,0.7495999932289124,-0.7050499916076659,-0.7049499750137329,-0.7870699763298035,1.3605999946594238,-0.1277800053358078,-0.0743660032749176,0.12293999642133713,-0.19562000036239624,-0.2650499939918518,0.9431599974632264,-0.010285000316798687,0.4618900120258331,0.4861699938774109,0.9311599731445312,0.5640199780464172,-0.6935200095176697,-0.119889996945858,-0.37578999996185297,0.0687590017914772,-0.8831999897956848
50,javascript,0.6276999711990356,0.3176200091838837,-0.7462700009346008,0.16143999993801114,1.08270001411438,-0.4243299961090088,0.07569699734449388,-0.9843299984931946,1.888499975204468,-0.17855000495910645,-0.1543000042438507,0.2651900053024292,-1.7862000465393066,-1.0626000165939329,0.5149499773979187,0.12961000204086304,0.3748300075531006,1.0204000473022459,1.3212000131607056,0.9461299777030944,-0.4315600097179413,-1.6291999816894531,-0.6957399845123291,-0.1859699934720993,-0.11917000263929367
51,projectmanagement,-0.3047800064086914,0.8369899988174438,-2.311100006103516,-2.7172999382019043,0.032350998371839516,-1.5882999897003174,-1.8540999889373782,-0.5391200184822083,0.11525999754667282,-1.2412999868392944,-2.640500068664551,0.3951500058174133,-1.155400037765503,0.05008099973201752,0.10724999755620956,-0.4621100127696991,0.1632699966430664,1.0261000394821167,1.1151000261306765,1.3736000061035156,0.12563000619411469,-1.1978000402450562,-0.45906001329422,-0.4357500076293945,-0.3160299956798553
52,english,1.4045000076293943,-0.18005000054836273,0.3100999891757965,-0.7594799995422363,0.560920000076294,-0.5985199809074402,1.8363000154495241,-0.3732199966907501,0.5224599838256836,0.3220199942588806,-0.7987599968910217,0.13697999715805054,-3.361000061035156,-0.1049100011587143,1.0951000452041626,-0.2864899933338165,0.966949999332428,0.07817299664020537,-0.0483580008149147,0.028055999428033832,-0.5203099846839905,0.2607100009918213,-1.2024999856948853,-0.050742000341415405,-0.14088000357151031
53,unix,-0.11672999709844588,1.0996999740600586,-1.0006999969482422,-0.2190299928188324,0.768339991569519,-0.3695299923419952,-0.7590799927711487,-1.071499943733215,1.96589994430542,-0.0021955000702291727,-0.4353600144386292,-0.08628199994564056,-1.3869999647140503,-0.557129979133606,0.4986799955368042,-1.0498000383377075,0.7782899737358093,1.2037999629974363,1.5270999670028689,0.87117999792099,0.014778000302612782,-1.499500036239624,-0.7056900262832642,0.009906300343573092,-0.08518999814987183
54,outlook,0.2010899931192398,-0.1953199952840805,-0.9919000267982484,-0.2261800020933151,1.0378999710083008,0.07371799647808075,0.35853999853134155,-1.0810999870300293,0.5855500102043152,-0.4101600050926209,-0.03434300050139427,0.18435999751091006,-2.0555999279022217,1.2695000171661377,0.7476599812507629,-0.7842900156974792,0.1017500013113022,1.020699977874756,1.0278999805450442,-0.21297000348567965,-0.3133600056171417,-1.4800000190734863,0.4290400147438049,0.4891499876976013,-1.5622999668121338
55,excel,0.8576800227165222,0.4141600131988525,-0.4741500020027161,-0.20736999809741974,0.7102599740028381,-0.19889000058174133,0.05226700007915497,-0.6161500215530396,1.0139000415802002,-0.16865000128746033,-0.15197999775409698,-0.18223999440670013,-1.933899998664856,-0.3847900032997131,0.6112899780273438,0.3816199898719788,0.4743399918079376,0.7627999782562256,1.0384000539779663,-0.06880799680948257,-0.6244300007820129,-1.284500002861023,-0.5663800239562988,0.12397000193595885,-0.3620199859142304
56,sql,0.6542999744415283,0.7135000228881836,-0.6965600252151489,-0.7803800106048584,0.9061499834060668,-0.9862999916076659,-0.7728000283241272,-0.8119199872016907,1.9652999639511108,0.2282399982213974,-0.2473299950361252,0.08693700283765793,-1.7796000242233276,-0.586870014667511,0.8872200250625609,-0.6660199761390686,0.6800799965858461,1.3142000436782837,0.9473999738693236,0.6811400055885315,-0.1444000005722046,-1.4549000263214111,-0.556879997253418,-0.1536799967288971,-0.5237200260162354
57,aws,-0.006984000094234943,0.8871899843215942,-0.6832299828529358,-0.44223999977111816,0.10441000014543532,-0.7873600125312805,-0.3573800027370453,0.2455299943685532,1.1748000383377075,0.2354300022125244,-0.31490999460220337,0.1947699934244156,-1.0362000465393066,-0.05786800011992455,0.6687300205230713,-0.14900000393390656,0.5590800046920776,0.5546900033950806,0.4813399910926819,0.9880499839782716,0.11821000277996065,-0.4864700138568878,0.22081999480724332,1.24590003490448,-0.7086799740791321
58,stata,-1.9960999488830569,-1.2309999465942385,0.6353200078010559,-1.358299970626831,0.40191999077796936,-1.3910000324249268,-0.5038099884986877,0.6421899795532227,-0.265610009431839,0.2330700010061264,-0.048395000398159034,-1.3519999980926514,-0.2791399955749512,0.7254599928855896,-0.7267600297927856,1.6446000337600708,-0.8382599949836731,2.4368999004364014,-2.3975999355316158,-2.0682001113891597,0.6507700085639954,0.3813300132751465,0.07065500319004059,-0.2352299988269806,-0.8008300065994263
59,visualization,-0.08903700113296509,0.14673000574111938,-0.5492200255393982,0.012253999710083008,1.3905999660491943,0.2211800068616867,0.5741199851036072,-1.7875000238418581,1.6181000471115112,-1.4301999807357788,-0.4490799903869629,0.7688999772071838,-0.9471499919891356,0.048390001058578484,0.06711000204086304,0.5129799842834473,-0.338809996843338,0.8793399930000305,0.9371600151062012,-0.10580000281333923,-0.8492799997329712,-1.3312000036239624,-1.1478999853134155,-0.02071099914610386,-0.5984100103378296
